customer_id,name
1,Sarah Huerta
2,Lisa Wilson
3,Dustin Bishop
4,Joseph Scott
5,Matthew Trevino
6,Brendan Berg
7,Christopher Olsen
8,Sally Riley
9,Dominique Boyer
10,Jennifer Glenn
11,Lauren Bennett
12,Carly Miller
13,Logan Hardin
14,Stephen Byrd
15,Steven Robinson
16,Barry Patterson
17,April Robinson
18,Louis Nelson
19,William Howard
20,Samantha Holder
21,Lydia Zimmerman
22,Garrett Hall
23,Katie Shields
24,Amy Jackson MD
25,Ronald Cervantes
26,Mr. Rodney Summers Jr.
27,Benjamin Leonard
28,Brian Jones
29,Andrea Campbell
30,Benjamin James
31,Kelly Anderson
32,Patricia Savage
33,Tamara Novak
34,Melissa Gonzales
35,Robin Miller
36,Allen Richards
37,James Dorsey
38,Kim Terry
39,Karen Mathis
40,Kimberly Boyd
41,Tonya Hamilton
42,Mr. Samuel Hansen
43,Tina Gilbert
44,Jeffrey Klein
45,Steven Weiss
46,Samantha Young
47,Jason Mills
48,Angela Sanders
49,Brian Bauer
50,Emily Horn
51,Kevin Rhodes
52,Jesse Elliott
53,Miguel Bell
54,Beverly Smith
55,Dwayne Salinas
56,Jessica Walters
57,Brittney Rodriguez
58,Adam Day
59,Mark Goodman
60,Erik Jones
61,Nathaniel Stanley
62,Susan Cooper
63,Kevin Russell
64,Leonard Vazquez
65,Elizabeth Robinson
66,Anthony Odonnell
67,Teresa Castillo
68,Debra Hall
69,Carol Lindsey
70,Thomas Valencia
71,Richard Williams
72,Elizabeth Lopez
73,Christopher Calderon
74,John White
75,Mr. Michael Barker DDS
76,William Jenkins
77,Jennifer Davenport
78,Michael Reynolds
79,Timothy Humphrey
80,Andrew Adams
81,Jacob Anderson
82,Dr. Michelle Davis
83,Brittany Park
84,Maria Garcia
85,Christina Guzman
86,Scott Kennedy
87,Allison Abbott
88,Aaron Crawford
89,Steven Gardner
90,Alexis Bailey
91,Andrew Lowe
92,Dakota Randolph
93,Janet Bowman
94,Brian Sullivan
95,Joseph Rogers
96,Leslie Steele
97,Robert Richard
98,Joanna Vaughn
99,Lori Braun
100,Glenn Chen
101,April Ayala
102,Melissa Bell
103,Adam Colon
104,Brandon Aguirre
105,Louis Moore
106,Mason Spears
107,Lisa Cook
108,Dennis Bailey
109,Richard Chandler
110,Natasha Webb
111,Candice Carter
112,Shane Watson
113,Samantha Curtis
114,Mrs. Ashley Allen MD
115,Jeffery Ross
116,Jessica Miller
117,Deborah Hill
118,Joseph Galvan
119,Dr. Debbie White
120,Megan White MD
121,Nicole Barajas
122,Gabriel Mata
123,Anthony Brown
124,Kristine Thompson
125,Jeffrey Sutton
126,Susan Vazquez
127,Dustin Caldwell
128,Elizabeth Walters
129,Sheri Mccoy
130,Lisa Becker
131,Amanda Wallace
132,Patricia Miles
133,Cynthia Luna
134,Joyce Simmons
135,Jennifer Miller
136,Shelly Gomez
137,Joyce Mccall
138,Patrick Trujillo
139,Stephen Sanchez
140,Elaine Medina
141,Matthew Ramos
142,Emily Reeves
143,Scott Bennett
144,Gregory Medina
145,Summer Beck
146,Austin Turner
147,Shawn Owen
148,Rachel Rivas
149,Morgan Brown
150,Christine Yang
151,Chad Perez
152,Amanda Obrien
153,Matthew Lee
154,Christopher Torres
155,Jonathon Kaiser
156,Sheri Benton
157,Brian Henry
158,Michael Wright
159,Michelle Gallegos
160,Katherine Wolf
161,Anthony Brandt
162,Tim Diaz
163,Sandra Valencia
164,Timothy Bryant
165,Larry Pena II
166,Elizabeth Hill
167,John Scott
168,Bethany Miller
169,Christian Warner
170,Samantha Stanton
171,Joshua Robles
172,James Hansen
173,Crystal Rivers
174,Natasha Sanchez
175,Anthony Dawson
176,Angela Phillips
177,Mary Wallace
178,Anthony Bowman
179,James Flowers
180,Andres Parker
181,Taylor Butler
182,Joshua Potts
183,Patrick Huffman
184,Alicia French
185,Scott Conway
186,Christopher Benson
187,Cindy Chapman
188,Robin Lopez
189,Loretta Marsh MD
190,Richard Adams
191,Eric Henderson
192,Brandon Conrad
193,Troy Whitaker
194,Natalie Wall
195,John Stephens
196,Timothy Martinez
197,James Fleming
198,Matthew Ryan
199,Dylan Cruz
200,Joe Melton
201,Marie Mayo
202,Dr. Dana Rangel DDS
203,Elizabeth Hernandez
204,Debra Hawkins
205,Michael Garcia
206,Caroline Anderson
207,Andrew Macias
208,Martin Harrell
209,Nathaniel Turner
210,Jimmy Thomas
211,Vanessa Kim
212,Micheal Moore
213,Samuel Riley
214,Gary Mendoza
215,Melissa Wilson
216,Nicole Snow
217,Veronica Jimenez
218,Brianna Greene
219,John Becker
220,Brent Martinez
221,Ashley Fox
222,Craig Rodriguez
223,Jessica Baldwin
224,Nancy Martin
225,Andrew Hall
226,Christian Leonard
227,Zachary Johnson
228,Corey Wilson
229,Rebecca Saunders
230,Justin Hays
231,Carla Hamilton
232,Omar Baker
233,Nathan Taylor
234,Linda Kelly
235,Kerry Sutton
236,Nicole Stevens
237,Rachel Sanders
238,Joseph Brown
239,William Ramirez
240,Julie Gordon
241,Lisa Hamilton
242,Lindsay Estes
243,Brittany Kemp
244,Jonathan Barrett
245,Cassandra Mayo
246,Michael Hudson
247,Patricia Wu
248,Mitchell Proctor
249,Daniel Dickson
250,Mary Cross
251,Stephanie Johnson
252,Samantha Mckinney
253,Leah Jordan
254,Tina Roberts
255,Cynthia Vargas
256,Dennis Santos
257,Kimberly Wells
258,Michelle Wright
259,Trevor Campbell
260,Johnathan Weiss
261,David White
262,Jose Adams
263,Melissa Garcia
264,Heather Lopez
265,Robert Mendez
266,Scott Vazquez
267,Stephen Aguirre
268,Mark Mann
269,Curtis Deleon
270,George Doyle
271,Cassie Chan
272,Ronald Hoffman
273,Melissa Davis
274,Raymond Sanchez
275,Angel Pearson
276,Ryan Mckenzie
277,Tanya Anderson
278,Kenneth Parks
279,James Proctor
280,Tracy Ray
281,Antonio Bryan
282,Kevin Jenkins
283,Brittany Miller
284,Allison Kirk
285,Jared Gordon
286,Mary Foster
287,Anthony Green
288,Jessica Atkinson
289,Patrick Payne
290,Michael Townsend
291,Kathleen Perry
292,Patricia Soto
293,Kevin Wells
294,Travis Brown
295,David Anderson
296,Steven Martin
297,Joshua Fisher
298,Michelle Miranda
299,Joseph Richmond
300,Krystal Mcconnell
301,Michael Richmond
302,Vanessa Hall
303,Lisa Johnson
304,Kristen Rivera
305,Derrick Jensen
306,Amy Garcia
307,Gail Ramsey
308,Michael Torres
309,Alex Monroe IV
310,David Chavez
311,Michelle Davies
312,Christopher Rose
313,Heather Murray
314,Gene Hines
315,Patricia Thompson
316,Trevor Davis
317,Shawn Webb
318,Stephen Duran
319,Jeffrey Russell
320,Belinda Morales
321,Travis Mcpherson
322,Jennifer Davis
323,Angela Garcia
324,Mr. Richard Anderson MD
325,Wendy Kennedy
326,Mark Daugherty
327,Christy Ruiz
328,Jeremiah Watkins
329,Roger Dominguez
330,Mr. Brian Jenkins
331,Jason Martinez
332,Mary Baker
333,Heather Harris
334,Todd Hansen
335,Brady Macias
336,Jonathan Larson
337,Julie Ware
338,Heather Campbell
339,Paul Smith
340,Patrick Mejia
341,Cassie Bailey
342,Deanna Sanchez
343,Daniel Chase
344,Angela Holder
345,Cameron Smith
346,Kayla Gutierrez
347,Danny Pena
348,Thomas Cummings
349,John Sanchez
350,Dale Perez
351,Sheila Liu
352,Amanda Williams
353,David Rowe
354,Carmen Yang
355,Michelle Scott
356,Jonathon Jones
357,Jason Adams
358,John Wright
359,Kenneth Henderson
360,Carolyn Scott
361,Melissa White
362,Ashley Beck
363,Vincent Powell
364,Victoria White
365,Nicholas Walker
366,Christopher Robinson
367,Kenneth Allen
368,Melissa Roberts
369,Sue Garcia
370,Michael Bailey
371,Alexander West
372,Ralph Holland
373,Mark Cortez
374,Patty Rodriguez
375,Gary Joseph
376,Hailey Miller
377,Dawn Johnson
378,Shawn Greene
379,Keith Morrison
380,Kyle Leonard
381,Debra James
382,Lauren Jones
383,Ronald Ward
384,Jeremiah Hill
385,Joshua Cannon
386,Kevin Lopez
387,George Stein
388,Katherine Williams
389,Donna Armstrong
390,George Walker
391,Laura Morrow
392,Heather Knight
393,Dr. Alice Johnson
394,Robert Franco
395,Pamela Johnson
396,Crystal Graham
397,Richard Jefferson
398,Alan Bennett
399,Jeffrey Gilbert
400,Vincent Gonzalez
401,Kyle Cohen
402,Mary Vasquez
403,April Le
404,Jessica Coleman
405,Lori Cooper
406,Krystal Davis
407,Nicholas Graham
408,Aaron Zimmerman
409,Jessica Williams
410,Jamie Lopez
411,Timothy Chang
412,Karen Thomas
413,Melinda Dorsey
414,Kelli Spence
415,Andrew Mercer
416,Brian Gibson
417,John Summers
418,Steven Riddle
419,Patricia Griffin
420,Rebecca Turner
421,Andrea Ward
422,Samantha Matthews
423,Nichole Rodriguez DDS
424,Terry Thompson
425,Micheal Hall
426,Michele Watson
427,Beverly Pugh
428,Mary Stephens
429,Robert Montgomery
430,Steven Ramirez
431,Jacob Howell
432,Jennifer Gardner
433,Alexis Kemp
434,Rhonda Gutierrez
435,Lori White
436,Tara Drake
437,Robert Dawson
438,Valerie Becker
439,Angela Keller
440,Jacob Christian
441,Tracy Ruiz
442,Mr. Robert Scott
443,Daryl Young
444,Justin Atkinson
445,William Pratt
446,Paul Calderon
447,Michael Hill
448,Derek French
449,Elizabeth Kline
450,Amy May
451,Jennifer Schultz
452,Natalie Gilbert
453,Nicholas Williams
454,Daryl Garcia
455,Carolyn Simmons
456,Matthew Mcgee
457,Heather Rogers
458,Heather Lowe
459,Jennifer Cuevas
460,Carolyn Benson
461,Stacy Castro
462,Crystal Williams
463,David Patton
464,Tracy Johnson
465,Scott Pittman
466,Patrick Mccann
467,John Smith
468,Michelle Brown
469,Michael Gonzalez
470,Marcia Morris
471,Joshua Friedman
472,Ashley Mercado
473,Jessica Sanchez
474,Lisa Hernandez
475,Sherri Frank
476,Wesley Lee
477,Linda Weaver
478,James Shields
479,James Reynolds
480,Eric Mendoza
481,Richard Hester
482,Jeffrey Harrell
483,Dustin Hodges
484,Morgan Nguyen
485,John Rice
486,Rhonda Rodriguez
487,Christopher Hall
488,Pamela Morgan
489,Michele Schneider
490,Julie Cruz
491,Monica Jackson DVM
492,Shaun Wright
493,Brian Hoffman
494,Dr. Kylie Leach
495,Jane Summers
496,Shane Barnes
497,Nicholas Rubio
498,Gina Cannon
499,Timothy Quinn
500,Jill Baker
501,Dennis Jacobs
502,Julie Wright
503,Daniel Castillo
504,Judy Willis
505,Michele Gross
506,Patrick Peterson
507,Evan Estrada
508,Breanna Hernandez
509,Victor White
510,Lori Fuller DVM
511,Stephanie Shea MD
512,Shawn Potter
513,Nancy Phillips
514,Alexandra Ross
515,Amanda Bradley
516,Lori Howard
517,Phillip Hall
518,Katherine Krause
519,Cameron Davies
520,Joshua Dawson
521,Darrell Watson
522,Carmen Anderson
523,Michelle Gonzales
524,Michael White
525,Reginald Adkins
526,Dustin Swanson
527,Faith Wyatt
528,Michael Mills
529,Jeremy Fisher
530,Crystal Moore
531,Kelly Kelley
532,Madeline Brown
533,Garrett Davidson
534,Russell Townsend
535,Sara Ruiz
536,David Gonzalez PhD
537,Katherine Freeman
538,Christopher Schultz
539,Kim Gordon
540,Shawn Fox
541,Stephen Casey
542,Lindsey Fuller
543,Mark Cook
544,Melissa Anderson
545,Shawn Harvey
546,Maria Joseph
547,Andrew Arias
548,Heather Collins
549,Abigail Sanchez
550,Julia Lopez
551,Kimberly Allen
552,Jose Williams
553,Matthew Rice
554,John Garcia
555,Angela Hicks
556,Stephen Austin
557,Thomas Butler
558,Thomas Hughes
559,Louis Dennis
560,Monica Vazquez
561,Richard Green
562,Donald James
563,Loretta Graves
564,Bryan Spencer
565,Brooke Williams
566,Christian Harris
567,Elizabeth Davis
568,Michael Johnson
569,Sabrina Faulkner
570,Andrea Bailey
571,Tracy Mullen
572,Lisa Lewis
573,Ashley Brown
574,Stephanie Manning
575,Casey Richards
576,Sue Harris
577,Michelle Wolf
578,Bryce Riley
579,Ricardo Figueroa
580,James Lewis
581,Alexa Leon
582,Laura Glenn
583,Curtis Fisher
584,Thomas Brewer
585,Kristine Hicks
586,Michael Castro MD
587,Michele Parker
588,Dr. Jeffrey Cobb
589,Patrick Williams
590,Karen Woods
591,Jeffrey Schmidt
592,Andrew Avila
593,Donna Lee
594,Marcia Zuniga
595,Debra Lynch
596,Christopher Gonzalez
597,Phyllis Williams
598,Thomas Flowers
599,Eric Brown
600,Lynn Andrews
601,Eric Keller
602,Suzanne Smith
603,Jessica Reid
604,Anthony Mccormick
605,Caitlin Oliver
606,Mrs. Jennifer Vaughn MD
607,Rhonda Shaw
608,Amanda Gilmore
609,Seth Holmes
610,Christopher Spencer
611,Andrew Melton
612,Jamie Harrison
613,Jason Gilbert
614,Shannon Kelley
615,Dustin Kane
616,Joseph Vasquez
617,Melissa Henderson
618,Anthony Mitchell
619,Linda Baker PhD
620,Jacob Freeman
621,David Smith
622,Jeffrey Singleton
623,Michael Moore
624,Anthony Howard
625,Rebecca Harrison
626,Lisa Powers
627,Daniel Matthews
628,Roger Castro
629,Susan Kirby
630,Kevin Mckay
631,Sara Holmes
632,Kelly Bryant
633,Jo Spence
634,Jerry Sweeney
635,Carolyn Henderson
636,Melissa Thompson
637,Derrick Walker
638,Leslie Miller
639,Heather Mitchell
640,Linda Stewart
641,Mrs. Laura Phillips
642,Bryan Gonzales
643,Rebecca Garza
644,Bonnie Anderson
645,Kimberly Walters
646,Shelia Williams
647,Kayla Tran
648,Desiree Gamble
649,Stacy Garcia
650,Charles Cross
651,Dawn Wiley
652,Amanda Shepherd
653,Susan Cummings
654,Derrick Robertson
655,Shane Lucas
656,Natalie Thomas
657,Roberta Ortiz
658,Melanie Cisneros
659,Ricardo House
660,Jamie Houston
661,Christy Frye
662,Heather Walters
663,Phillip Singh
664,Amber Pitts
665,Anna Perez
666,Tonya Miles
667,Jessica Wang
668,Miss Lindsay Williams
669,Charlotte George
670,Renee Pratt
671,Christine Hughes
672,Holly Moss
673,Mark Kennedy
674,Craig Padilla
675,Catherine Brown
676,Sarah Barnes
677,Miranda Cook
678,Scott Ross
679,Shirley Miller
680,Philip Hinton
681,Megan Smith
682,Stephanie Torres
683,Matthew Crawford
684,Amy Crane
685,Andrew Evans
686,Victoria Foster MD
687,Daniel Wade
688,Lisa Hooper
689,Cindy Cruz
690,Shaun Ortega
691,Michael Flores
692,Arthur Bennett
693,Dr. Justin Hernandez
694,Susan Anderson
695,Kevin King
696,Jennifer Mccoy
697,Phillip Maldonado
698,Andrea Gay
699,William Hill
700,Joan Higgins
701,Robert Singh
702,Charles Wise
703,Craig Miller
704,Daisy Martin
705,Tiffany Mitchell
706,Luis Carr
707,Margaret Carroll
708,Andrew Jenkins
709,Donna Hudson
710,Thomas Wood
711,Michael Wilson
712,Lisa Garcia
713,Whitney Montes
714,Janet Chaney
715,James Hammond
716,Ricardo Cross
717,Johnny Hopkins
718,Michael Lopez
719,Timothy Cruz
720,Edwin Davis
721,Alexander Gomez
722,Randall Riggs
723,Brett Ryan
724,Charles Moran
725,Alexander Ballard
726,Anthony Harris
727,Tara Logan
728,Cameron Rowe
729,Andrew Soto
730,Joshua Farrell
731,Robert Harvey
732,James Daniels
733,Ricardo Williamson
734,Sydney Lopez
735,Sandra Cooley
736,Jason Brown
737,William Cook
738,Peter Brown
739,Katrina Grimes
740,Kurt Miller
741,Amy Welch
742,Fred Thompson
743,Robert Brown
744,David Tate
745,Rebecca Cross
746,Isaac Butler
747,Matthew Perez
748,Matthew Reyes
749,Sarah Evans
750,Jordan Munoz
751,Sara Taylor
752,Thomas Jones
753,Scott Tucker
754,Lauren Chandler
755,Peter Martinez
756,Anna Montes
757,Howard Navarro
758,Sara Atkinson
759,Amanda Wright
760,Tanya Pittman
761,Raymond Perez
762,Vanessa Harvey
763,Lynn Hodge
764,James Smith
765,Jennifer Campbell
766,Kristi Durham
767,Cheryl Johnson
768,Jeremy Yoder
769,Cassandra White
770,Henry Mills
771,Laura Chaney
772,Jerry Bell
773,Austin Adams
774,Patrick Hickman
775,Brandon Phillips
776,Thomas Hicks
777,Paige Walters
778,Travis Walker MD
779,Amber Stone
780,Garrett Robinson
781,Mark Baker
782,Steven Reynolds
783,Laura Murray
784,John Woodward
785,Jason Baker
786,Garrett Hale
787,Michael Robinson
788,Yolanda Flynn
789,James Hall
790,Lindsay Stephenson
791,Brianna Moore
792,Samantha Barnett
793,Michael Burns
794,Joshua Stanley
795,Brandon Barrera
796,David Miller
797,Laura Booker
798,Garrett Haas
799,Anthony Turner
800,Breanna Rodriguez
801,Sarah Cuevas
802,Marvin Pennington
803,Jillian Jones
804,Terry Garza
805,Mary Reeves
806,Kevin Robbins
807,Chloe Holt
808,Matthew Saunders
809,Mr. Shane Davis
810,Christina Allen
811,Alexander Garcia
812,Hunter Mcmillan
813,Jennifer Williams
814,Nicole Roberts
815,Terry Livingston
816,Sara Kelly
817,Catherine Smith
818,Brian Adams
819,Jennifer Strong
820,Marie Jackson
821,James Mcdonald
822,Devin Miller
823,Christina Sanchez
824,Jose Griffith
825,Allison Reid
826,Thomas Morris
827,Kenneth Evans
828,Antonio Ross
829,Johnny West
830,Casey Cole
831,Diana Lawson DDS
832,Gary Morrison
833,Harold Le
834,Patrick Lawson
835,Lisa Nelson
836,Susan Gonzales
837,Karen Harris
838,Julian Morales
839,Michelle Smith
840,Patrick Chen
841,Jeffery Marquez
842,Sean Martinez
843,Patrick Stewart
844,Kelly Arias
845,Thomas Johnson
846,Tyler Bailey
847,Jodi Bass
848,Christina Smith
849,Sara Christensen
850,Dana Moore
851,Kenneth Wagner
852,Maria Jones
853,Shannon Stone
854,Jared Chavez
855,Mr. Matthew Cooper
856,Mike Reyes
857,Cameron Chang
858,Tracy Brown
859,Joshua Montoya Jr.
860,Stephanie Howard
861,Steven Snyder
862,Destiny Ramirez
863,David Ramirez
864,Denise Jimenez
865,Paul Crawford
866,Shannon Lowery
867,Mrs. Ashley Roberts
868,Richard Mills
869,Heather Palmer
870,Jennifer Reese
871,Arthur Collier
872,Kayla Nicholson
873,Brenda Baker
874,Kathryn Kennedy
875,Kimberly Guerrero
876,Tanya West
877,Kristen Gates
878,Alicia Clark
879,Brenda Rivers
880,John Mcdonald Jr.
881,Stephanie Cooper
882,Allison Bonilla
883,Brandi Casey
884,James Davenport
885,Nicole Hayes
886,Nancy Jones
887,Steven Gutierrez
888,Jordan Clark
889,David Jones
890,David Thomas
891,Ryan Ross
892,Richard Wolfe
893,Mr. Shawn White
894,Kelly Thomas
895,Becky Solomon
896,Jordan Perez
897,Daniel Terry
898,Michael Ellis
899,Erica Bryant
900,Wyatt Roberson
901,Candice Ferguson
902,Dalton Harris
903,Meagan Dennis
904,Charles Velez
905,Brian Schroeder
906,Kenneth Zuniga
907,Vincent Duffy
908,Ernest Lewis
909,Jeffrey Carter
910,Emily Adkins
911,Kathryn Garcia
912,Kimberly Martinez
913,Heather Whitney
914,Anna Reilly
915,Kelli Pineda
916,David Davis
917,Michael White
918,Stephen Thompson
919,Jackson Smith
920,Jennifer Woods
921,Robert Terry
922,Dr. Benjamin Taylor
923,Nathan Hartman
924,Caitlin Walker
925,Rachael Manning
926,Victoria Jenkins
927,John Leonard
928,Jennifer Sanchez
929,Jennifer Wood
930,Madison Cooke
931,Monica Norton
932,Crystal Snyder
933,Jeremy Martin
934,Joel Ramirez
935,Charles Price
936,Christina Stone
937,Kimberly Valentine
938,Ashley Coffey
939,Mark Odom PhD
940,Valerie Sullivan
941,Mr. Christian Robinson DDS
942,Scott Klein
943,Shelly Finley
944,Stephanie Hensley
945,Zachary Walker
946,Kimberly Rich
947,Shannon Navarro
948,William Gonzalez
949,Dr. Rebecca Schneider MD
950,Monique Davis MD
951,Javier Johnson
952,Stephanie Schmidt
953,Mr. Michael Washington MD
954,Natalie Robertson
955,Laura Pennington
956,Mrs. Erin Taylor
957,Michelle Williams
958,Randall Pierce
959,Timothy Nichols
960,Crystal Raymond
961,Cody Martinez
962,Michael Martinez
963,Melissa Oliver
964,Vincent Ruiz
965,Theresa Woodward
966,Samuel Weaver
967,Jennifer Wilson
968,Daniel Barrett
969,Matthew King
970,Valerie Holmes
971,Patrick Carlson
972,Matthew Campbell
973,Elizabeth Scott
974,Nancy Mueller
975,Ashley Wong
976,Thomas Ramirez
977,April Brown
978,Paul Vargas
979,Dale Robinson
980,Roberta Mendoza
981,Rebecca Johnson
982,Denise Hunt
983,Rodney Johnson
984,Stephanie Smith
985,Rodney Smith
986,Elizabeth Morales
987,Jeffrey Hines
988,Amanda Hernandez
989,Madeline Walsh
990,Katherine Berg
991,Samuel Hamilton Jr.
992,Bradley Buck
993,David Brown
994,Matthew Lambert
995,Daniel Lynch
996,Victoria Morgan
997,Jeffrey Gonzales
998,Christina Mccoy
999,John Clark
1000,Mr. Anthony Welch
